,Date,High,Low,Close,Open
886,2020-07-02,163.06,162.1025,163.16,161.48
885,2020-07-03,162.195,160.2425,162.195,159.61
884,2020-07-06,161.75,158.555,162.175,156.08
883,2020-07-07,159.635,158.7475,161.805,157.25
882,2020-07-08,160.725,160.4475,160.71,159.27
881,2020-07-09,159.885,158.0275,162.615,157.84
880,2020-07-10,159.19,158.1425,160.5625,158.03
879,2020-07-13,158.655,157.95,159.7275,157.2
878,2020-07-14,157.375,157.6675,158.2875,156.2375
877,2020-07-15,159.94,157.15,160.6925,156.2925
876,2020-07-16,165.41,157.8725,165.7775,156.2475
875,2020-07-17,160.69,160.09,161.7375,159.5575
874,2020-07-20,160.66,160.51,162.7875,159.5125
873,2020-07-21,160.85,160.65,161.7375,160.415
872,2020-07-22,160.85,160.65,161.7375,160.415
871,2020-07-23,160.85,160.65,161.7375,160.415
870,2020-07-24,160.85,160.65,161.7375,160.415
869,2020-07-27,160.85,160.65,161.7375,160.415
868,2020-07-28,160.85,160.65,161.7375,160.415
867,2020-07-29,160.85,160.65,161.7375,160.415
866,2020-07-30,160.85,160.65,161.7375,160.415
865,2020-08-03,160.85,160.65,161.7375,160.415
864,2020-08-04,160.85,160.65,161.7375,160.415
863,2020-08-05,160.85,160.65,161.7375,160.415
862,2020-08-06,160.85,160.65,161.7375,160.415
861,2020-08-07,160.85,160.65,161.7375,160.415
860,2020-08-10,160.85,160.65,161.7375,160.415
859,2020-08-11,160.85,160.65,161.7375,160.415
858,2020-08-12,160.85,160.65,161.7375,160.415
857,2020-08-13,160.85,160.65,161.7375,160.415
856,2020-08-14,160.85,160.65,161.7375,160.415
855,2020-08-17,160.85,160.65,161.7375,160.415
854,2020-08-18,160.85,160.65,161.7375,160.415
853,2020-08-19,160.85,160.65,161.7375,160.415
852,2020-08-20,160.85,160.65,161.7375,160.415
851,2020-08-21,160.85,160.65,161.7375,160.415
850,2020-08-24,160.85,160.65,161.7375,160.415
849,2020-08-25,160.85,160.65,161.7375,160.415
848,2020-08-26,160.85,160.65,161.7375,160.415
847,2020-08-27,160.85,160.65,161.7375,160.415
846,2020-08-28,160.85,160.65,161.7375,160.415
845,2020-08-31,160.85,160.65,161.7375,160.415
844,2020-09-01,162.315,160.65,161.7375,160.415
843,2020-09-02,162.315,160.65,161.7375,160.415
842,2020-09-03,162.315,160.65,161.7375,160.415
841,2020-09-04,162.315,160.65,161.7375,160.415
840,2020-09-07,162.315,160.65,161.7375,160.415
839,2020-09-08,162.315,160.65,161.7375,160.415
838,2020-09-09,162.315,160.65,161.7375,160.415
837,2020-09-10,162.315,160.65,161.7375,160.415
836,2020-09-11,162.315,160.65,161.7375,160.415
835,2020-09-14,162.315,160.65,161.7375,160.415
834,2020-09-15,162.315,160.65,161.7375,160.415
833,2020-09-16,162.315,160.65,161.7375,160.415
832,2020-09-17,162.315,160.65,161.7375,160.415
831,2020-09-18,162.315,160.65,161.7375,160.415
830,2020-09-21,162.315,160.65,161.7375,160.415
829,2020-09-22,162.315,160.65,161.7375,160.415
828,2020-09-23,162.315,160.65,161.7375,160.415
827,2020-09-24,162.315,160.65,161.7375,160.415
826,2020-09-25,162.315,160.65,161.7375,160.415
825,2020-09-28,162.315,160.65,161.7375,160.415
824,2020-09-29,162.315,160.65,161.7375,160.415
823,2020-09-30,162.315,160.65,161.7375,160.415
822,2020-10-01,173.36,169.1375,178.1275,167.945
821,2020-10-02,173.36,169.1375,178.1275,167.945
820,2020-10-05,173.36,169.1375,178.1275,167.945
819,2020-10-06,173.36,169.1375,178.1275,167.945
818,2020-10-07,173.36,169.1375,178.1275,167.945
817,2020-10-08,173.36,169.1375,178.1275,167.945
816,2020-10-09,173.36,169.1375,178.1275,167.945
815,2020-10-12,173.36,169.1375,178.1275,167.945
814,2020-10-13,173.36,169.1375,178.1275,167.945
813,2020-10-14,173.36,169.1375,178.1275,167.945
812,2020-10-15,173.36,169.1375,178.1275,167.945
811,2020-10-16,173.36,169.1375,178.1275,167.945
810,2020-10-19,173.36,169.1375,178.1275,167.945
809,2020-10-21,173.36,169.1375,178.1275,167.945
808,2020-10-22,173.36,169.1375,178.1275,167.945
807,2020-10-23,173.36,169.1375,178.1275,167.945
806,2020-10-26,173.36,169.1375,178.1275,167.945
805,2020-10-27,173.36,169.1375,178.1275,167.945
804,2020-10-28,173.36,169.1375,178.1275,167.945
803,2020-10-29,173.36,169.1375,178.1275,167.945
802,2020-10-30,173.36,169.1375,178.1275,167.945
801,2020-11-02,174.0175,170.5375,178.51,170.785
800,2020-11-03,174.0175,170.5375,178.51,170.785
799,2020-11-04,174.0175,170.5375,178.51,170.785
798,2020-11-05,174.0175,170.5375,178.51,170.785
797,2020-11-06,174.0175,170.5375,178.51,170.785
796,2020-11-09,174.0175,170.5375,178.51,170.785
795,2020-11-10,174.0175,170.5375,178.51,170.785
794,2020-11-11,174.0175,170.5375,178.51,170.785
793,2020-11-12,174.0175,170.5375,178.51,170.785
792,2020-11-13,174.0175,170.5375,178.51,170.785
791,2020-11-16,174.0175,170.5375,178.51,170.785
790,2020-11-17,174.0175,170.5375,178.51,170.785
789,2020-11-18,174.0175,170.5375,178.51,170.785
788,2020-11-19,174.0175,170.5375,178.51,170.785
787,2020-11-20,174.0175,170.5375,178.51,170.785
786,2020-11-23,174.0175,170.5375,178.51,170.785
785,2020-11-24,174.0175,170.5375,178.51,170.785
784,2020-11-25,174.0175,170.5375,178.51,170.785
783,2020-11-26,174.0175,170.5375,178.51,170.785
782,2020-11-27,174.0175,170.5375,178.51,170.785
781,2020-11-30,174.0175,170.5375,178.51,170.785
780,2020-12-01,162.8725,167.1825,170.005,158.1
779,2020-12-02,162.8725,167.1825,170.005,158.1
778,2020-12-03,162.8725,167.1825,170.005,158.1
777,2020-12-04,162.8725,167.1825,170.005,158.1
776,2020-12-07,162.8725,167.1825,170.005,158.1
775,2020-12-08,162.8725,167.1825,170.005,158.1
774,2020-12-09,162.8725,167.1825,170.005,158.1
773,2020-12-10,162.8725,167.1825,170.005,158.1
772,2020-12-11,162.8725,167.1825,170.005,158.1
771,2020-12-14,162.8725,167.1825,170.005,158.1
770,2020-12-15,162.8725,167.1825,170.005,158.1
769,2020-12-16,162.8725,167.1825,170.005,158.1
768,2020-12-17,162.8725,167.1825,170.005,158.1
767,2020-12-18,162.8725,167.1825,170.005,158.1
766,2020-12-21,162.8725,167.1825,170.005,158.1
765,2020-12-22,162.8725,167.1825,170.005,158.1
764,2020-12-23,162.8725,167.1825,170.005,158.1
763,2020-12-24,162.8725,167.1825,170.005,158.1
762,2020-12-28,162.8725,167.1825,170.005,158.1
761,2020-12-29,162.8725,167.1825,170.005,158.1
760,2020-12-30,162.8725,167.1825,170.005,158.1
759,2020-12-31,162.8725,167.1825,170.005,158.1
758,2021-01-04,163.91,167.1825,170.005,158.1
757,2021-01-05,163.91,167.1825,170.005,158.1
756,2021-01-06,163.91,167.1825,170.005,158.1
755,2021-01-07,163.91,167.1825,170.005,158.1
754,2021-01-08,163.91,167.1825,170.005,158.1
753,2021-01-11,163.91,167.1825,170.005,158.1
752,2021-01-12,163.91,167.1825,170.005,158.1
751,2021-01-13,163.91,167.1825,170.005,158.1
750,2021-01-14,163.91,167.1825,170.005,158.1
749,2021-01-15,163.91,167.1825,170.005,158.1
748,2021-01-18,163.91,167.1825,170.005,158.1
747,2021-01-19,163.91,167.1825,170.005,158.1
746,2021-01-20,163.91,167.1825,170.005,158.1
745,2021-01-21,163.91,167.1825,170.005,158.1
744,2021-01-22,163.91,167.1825,170.005,158.1
743,2021-01-25,163.91,167.1825,170.005,158.1
742,2021-01-26,163.91,167.1825,170.005,158.1
741,2021-01-27,163.91,167.1825,170.005,158.1
740,2021-01-28,163.91,167.1825,170.005,158.1
739,2021-01-29,163.91,167.1825,170.005,158.1
738,2021-02-01,163.91,167.1825,170.005,158.1
737,2021-02-02,163.91,167.1825,170.005,158.1
736,2021-02-03,163.91,167.1825,170.005,158.1
735,2021-02-04,163.91,167.1825,170.005,158.1
734,2021-02-05,163.91,167.1825,170.005,158.1
733,2021-02-08,163.91,167.1825,170.005,158.1
732,2021-02-09,163.91,167.1825,170.005,158.1
731,2021-02-10,163.91,167.1825,170.005,158.1
730,2021-02-11,163.91,167.1825,170.005,158.1
729,2021-02-12,163.91,167.1825,170.005,158.1
728,2021-02-15,163.91,167.1825,170.005,158.1
727,2021-02-16,163.91,167.1825,170.005,158.1
726,2021-02-17,163.91,167.1825,170.005,158.1
725,2021-02-18,163.91,167.1825,170.005,158.1
724,2021-02-19,163.91,167.1825,170.005,158.1
723,2021-02-22,163.91,167.1825,170.005,158.1
722,2021-02-23,163.91,167.1825,170.005,158.1
721,2021-02-24,163.91,167.1825,170.005,158.1
720,2021-02-25,163.91,167.1825,170.005,158.1
719,2021-02-26,163.91,167.1825,170.005,158.1
718,2021-03-01,160.3525,167.1825,170.005,158.1
717,2021-03-02,160.3525,167.1825,170.005,158.1
716,2021-03-03,160.3525,167.1825,170.005,158.1
715,2021-03-04,160.3525,167.1825,170.005,158.1
714,2021-03-05,160.3525,167.1825,170.005,158.1
713,2021-03-08,160.3525,167.1825,170.005,158.1
712,2021-03-09,160.3525,167.1825,170.005,158.1
711,2021-03-10,160.3525,167.1825,170.005,158.1
710,2021-03-11,160.3525,167.1825,170.005,158.1
709,2021-03-12,160.3525,167.1825,170.005,158.1
708,2021-03-15,160.3525,167.1825,170.005,158.1
707,2021-03-16,160.3525,167.1825,170.005,158.1
706,2021-03-17,160.3525,167.1825,170.005,158.1
705,2021-03-18,160.3525,167.1825,170.005,158.1
704,2021-03-19,160.3525,167.1825,170.005,158.1
703,2021-03-22,160.3525,167.1825,170.005,158.1
702,2021-03-23,160.3525,167.1825,170.005,158.1
701,2021-03-24,160.3525,167.1825,170.005,158.1
700,2021-03-25,160.3525,167.1825,170.005,158.1
699,2021-03-26,160.3525,167.1825,170.005,158.1
698,2021-03-29,160.3525,167.1825,170.005,158.1
697,2021-03-30,160.3525,167.1825,170.005,158.1
696,2021-03-31,160.3525,167.1825,170.005,158.1
695,2021-04-01,163.91,167.1825,170.005,158.1
694,2021-04-06,163.91,167.1825,170.005,158.1
693,2021-04-07,163.91,167.1825,170.005,158.1
692,2021-04-08,163.91,167.1825,170.005,158.1
691,2021-04-09,163.91,167.1825,170.005,158.1
690,2021-04-12,163.91,167.1825,170.005,158.1
689,2021-04-13,155.0025,147.2875,151.6025,145.9375
688,2021-04-14,156.3,146.6025,153.91,145.1625
687,2021-04-15,155.2225,145.115,152.26,144.0325
686,2021-04-16,154.99,146.68,151.705,145.7
685,2021-04-19,163.91,167.1825,170.005,158.1
684,2021-04-20,163.91,167.1825,170.005,158.1
683,2021-04-21,163.91,167.1825,170.005,158.1
682,2021-04-22,163.91,167.1825,170.005,158.1
681,2021-04-23,163.91,167.1825,170.005,158.1
680,2021-04-26,163.91,167.1825,170.005,158.1
679,2021-04-27,163.91,167.1825,170.005,158.1
678,2021-04-28,163.91,167.1825,170.005,158.1
677,2021-04-29,163.91,167.1825,170.005,158.1
676,2021-04-30,163.91,167.1825,170.005,158.1
675,2021-05-03,160.3525,167.1825,170.005,158.1
674,2021-05-04,160.3525,167.1825,170.005,158.1
673,2021-05-05,153.6725,152.0375,155.6925,148.7175
672,2021-05-06,152.0175,146.775,153.56,146.015
671,2021-05-07,150.7525,146.12,152.59,144.3525
670,2021-05-10,150.86,145.045,152.21,143.8625
669,2021-05-11,151.29,144.3975,152.64,143.5425
668,2021-05-12,150.98,145.115,152.21,144.0325
667,2021-05-13,152.1375,146.86,153.745,146.175
666,2021-05-17,151.86,149.1675,153.13,146.9075
665,2021-05-18,160.1025,163.3425,165.085,156.9
664,2021-05-19,160.3525,167.1825,170.005,158.1
663,2021-05-20,160.3525,167.1825,170.005,158.1
662,2021-05-21,160.3525,167.1825,170.005,158.1
661,2021-05-24,160.3525,167.1825,170.005,158.1
660,2021-05-25,160.3525,167.1825,170.005,158.1
659,2021-05-26,160.3525,167.1825,170.005,158.1
658,2021-05-27,160.3525,167.1825,170.005,158.1
657,2021-05-28,160.3525,167.1825,170.005,158.1
656,2021-05-31,160.3525,167.1825,170.005,158.1
655,2021-06-02,161.105,168.8225,169.855,161.035
654,2021-06-03,161.105,168.8225,169.855,161.035
653,2021-06-04,161.105,168.8225,169.855,161.035
652,2021-06-07,161.105,168.8225,169.855,161.035
651,2021-06-08,161.105,168.8225,169.855,161.035
650,2021-06-09,161.105,168.8225,169.855,161.035
649,2021-06-10,161.105,168.8225,169.855,161.035
648,2021-06-11,161.105,168.8225,169.855,161.035
647,2021-06-14,161.105,168.8225,169.855,161.035
646,2021-06-15,161.105,168.8225,169.855,161.035
645,2021-06-16,161.105,168.8225,169.855,161.035
644,2021-06-17,161.105,168.8225,169.855,161.035
643,2021-06-18,161.105,168.8225,169.855,161.035
642,2021-06-21,161.105,168.8225,169.855,161.035
641,2021-06-22,161.105,168.8225,169.855,161.035
640,2021-06-23,161.105,168.8225,169.855,161.035
639,2021-06-24,161.105,168.8225,169.855,161.035
638,2021-06-25,161.105,168.8225,169.855,161.035
637,2021-06-28,161.105,168.8225,169.855,161.035
636,2021-06-29,161.105,168.8225,169.855,161.035
635,2021-06-30,161.105,168.8225,169.855,161.035
634,2021-07-01,181.78,168.8225,169.855,161.035
633,2021-07-02,181.78,168.8225,169.855,161.035
632,2021-07-05,181.78,168.8225,169.855,161.035
631,2021-07-06,181.78,168.8225,169.855,161.035
630,2021-07-07,181.78,168.8225,169.855,161.035
629,2021-07-08,181.78,168.8225,169.855,161.035
628,2021-07-09,181.78,168.8225,169.855,161.035
627,2021-07-12,181.78,168.8225,169.855,161.035
626,2021-07-13,181.78,168.8225,169.855,161.035
625,2021-07-14,181.78,168.8225,169.855,161.035
624,2021-07-15,181.78,168.8225,169.855,161.035
623,2021-07-16,181.78,168.8225,169.855,161.035
622,2021-07-19,181.78,168.8225,169.855,161.035
621,2021-07-21,181.78,168.8225,169.855,161.035
620,2021-07-22,181.78,168.8225,169.855,161.035
619,2021-07-23,181.78,168.8225,169.855,161.035
618,2021-07-26,181.78,168.8225,169.855,161.035
617,2021-07-27,181.78,168.8225,169.855,161.035
616,2021-07-28,181.78,168.8225,169.855,161.035
615,2021-07-29,181.78,168.8225,169.855,161.035
614,2021-07-30,181.78,168.8225,169.855,161.035
613,2021-08-02,181.78,168.8225,169.855,161.035
612,2021-08-03,181.78,168.8225,169.855,161.035
611,2021-08-04,181.78,168.8225,169.855,161.035
610,2021-08-05,181.78,168.8225,169.855,161.035
609,2021-08-06,181.78,168.8225,169.855,161.035
608,2021-08-09,181.78,168.8225,169.855,161.035
607,2021-08-10,181.78,168.8225,169.855,161.035
606,2021-08-11,181.78,168.8225,169.855,161.035
605,2021-08-12,181.78,168.8225,169.855,161.035
604,2021-08-13,181.78,168.8225,169.855,161.035
603,2021-08-16,181.78,168.8225,169.855,161.035
602,2021-08-17,181.78,168.8225,169.855,161.035
601,2021-08-18,181.78,168.8225,169.855,161.035
600,2021-08-19,181.78,168.8225,169.855,161.035
599,2021-08-20,181.78,168.8225,169.855,161.035
598,2021-08-23,181.78,168.8225,169.855,161.035
597,2021-08-24,181.78,168.8225,169.855,161.035
596,2021-08-25,181.78,168.8225,169.855,161.035
595,2021-08-26,181.78,168.8225,169.855,161.035
594,2021-08-27,181.78,168.8225,169.855,161.035
593,2021-08-30,181.78,168.8225,169.855,161.035
592,2021-08-31,181.78,168.8225,169.855,161.035
591,2021-09-01,182.125,168.8225,169.855,161.035
590,2021-09-02,182.125,168.8225,169.855,161.035
589,2021-09-03,182.125,168.8225,169.855,161.035
588,2021-09-06,182.125,168.8225,169.855,161.035
587,2021-09-07,182.125,168.8225,169.855,161.035
586,2021-09-08,182.125,168.8225,169.855,161.035
585,2021-09-09,182.125,168.8225,169.855,161.035
584,2021-09-10,182.125,168.8225,169.855,161.035
583,2021-09-13,182.125,168.8225,169.855,161.035
582,2021-09-14,182.125,168.8225,169.855,161.035
581,2021-09-15,182.125,168.8225,169.855,161.035
580,2021-09-16,182.125,168.8225,169.855,161.035
579,2021-09-17,182.125,168.8225,169.855,161.035
578,2021-09-20,182.125,168.8225,169.855,161.035
577,2021-09-21,182.125,168.8225,169.855,161.035
576,2021-09-22,182.125,168.8225,169.855,161.035
575,2021-09-23,182.125,168.8225,169.855,161.035
574,2021-09-24,182.125,168.8225,169.855,161.035
573,2021-09-27,182.125,168.8225,169.855,161.035
572,2021-09-28,182.125,168.8225,169.855,161.035
571,2021-09-29,182.125,168.8225,169.855,161.035
570,2021-09-30,182.125,168.8225,169.855,161.035
569,2021-10-01,181.78,168.8225,169.855,161.035
568,2021-10-04,181.78,168.8225,169.855,161.035
567,2021-10-05,181.78,168.8225,169.855,161.035
566,2021-10-06,181.78,168.8225,169.855,161.035
565,2021-10-07,181.78,168.8225,169.855,161.035
564,2021-10-08,181.78,168.8225,169.855,161.035
563,2021-10-12,181.78,168.8225,169.855,161.035
562,2021-10-13,181.78,168.8225,169.855,161.035
561,2021-10-14,181.78,168.8225,169.855,161.035
560,2021-10-15,181.78,168.8225,169.855,161.035
559,2021-10-18,181.78,168.8225,169.855,161.035
558,2021-10-19,181.78,168.8225,169.855,161.035
557,2021-10-21,181.78,168.8225,169.855,161.035
556,2021-10-22,181.78,168.8225,169.855,161.035
555,2021-10-25,181.78,168.8225,169.855,161.035
554,2021-10-26,181.78,168.8225,169.855,161.035
553,2021-10-27,181.78,168.8225,169.855,161.035
552,2021-10-28,181.78,168.8225,169.855,161.035
551,2021-10-29,181.78,168.8225,169.855,161.035
550,2021-11-01,163.91,167.1825,170.005,158.1
549,2021-11-02,163.91,167.1825,170.005,158.1
548,2021-11-03,163.91,167.1825,170.005,158.1
547,2021-11-04,163.91,167.1825,170.005,158.1
546,2021-11-05,163.91,167.1825,170.005,158.1
545,2021-11-08,163.91,167.1825,170.005,158.1
544,2021-11-09,163.91,167.1825,170.005,158.1
543,2021-11-10,163.91,167.1825,170.005,158.1
542,2021-11-11,163.91,167.1825,170.005,158.1
541,2021-11-12,163.91,167.1825,170.005,158.1
540,2021-11-15,163.91,167.1825,170.005,158.1
539,2021-11-16,163.91,167.1825,170.005,158.1
538,2021-11-17,163.91,167.1825,170.005,158.1
537,2021-11-18,163.91,167.1825,170.005,158.1
536,2021-11-19,163.91,167.1825,170.005,158.1
535,2021-11-22,163.91,167.1825,170.005,158.1
534,2021-11-23,163.91,167.1825,170.005,158.1
533,2021-11-24,163.91,167.1825,170.005,158.1
532,2021-11-25,163.91,167.1825,170.005,158.1
531,2021-11-26,163.91,167.1825,170.005,158.1
530,2021-11-29,163.91,167.1825,170.005,158.1
529,2021-11-30,163.91,167.1825,170.005,158.1
528,2021-12-01,163.91,167.1825,170.005,158.1
527,2021-12-02,163.91,167.1825,170.005,158.1
526,2021-12-03,163.91,167.1825,170.005,158.1
525,2021-12-06,163.91,167.1825,170.005,158.1
524,2021-12-07,163.91,167.1825,170.005,158.1
523,2021-12-08,163.91,167.1825,170.005,158.1
522,2021-12-09,163.91,167.1825,170.005,158.1
521,2021-12-10,163.91,167.1825,170.005,158.1
520,2021-12-14,163.91,167.1825,170.005,158.1
519,2021-12-15,163.91,167.1825,170.005,158.1
518,2021-12-16,163.91,167.1825,170.005,158.1
517,2021-12-17,163.91,167.1825,170.005,158.1
516,2021-12-20,163.91,167.1825,170.005,158.1
515,2021-12-21,163.91,167.1825,170.005,158.1
514,2021-12-22,163.91,167.1825,170.005,158.1
513,2021-12-23,163.91,167.1825,170.005,158.1
512,2021-12-24,163.91,167.1825,170.005,158.1
511,2021-12-28,163.91,167.1825,170.005,158.1
510,2021-12-29,163.91,167.1825,170.005,158.1
509,2021-12-30,163.91,167.1825,170.005,158.1
508,2021-12-31,163.91,167.1825,170.005,158.1
507,2022-01-03,174.6525,170.5375,178.51,170.785
506,2022-01-04,174.6525,170.5375,178.51,170.785
505,2022-01-05,174.6525,170.5375,178.51,170.785
504,2022-01-06,174.6525,170.5375,178.51,170.785
503,2022-01-07,174.6525,170.5375,178.51,170.785
502,2022-01-10,174.6525,170.5375,178.51,170.785
501,2022-01-11,174.6525,170.5375,178.51,170.785
500,2022-01-12,174.6525,170.5375,178.51,170.785
499,2022-01-13,174.6525,170.5375,178.51,170.785
498,2022-01-14,174.6525,170.5375,178.51,170.785
497,2022-01-17,174.6525,170.5375,178.51,170.785
496,2022-01-18,174.6525,170.5375,178.51,170.785
495,2022-01-19,174.6525,170.5375,178.51,170.785
494,2022-01-20,174.6525,170.5375,178.51,170.785
493,2022-01-21,174.6525,170.5375,178.51,170.785
492,2022-01-24,174.6525,170.5375,178.51,170.785
491,2022-01-25,174.6525,170.5375,178.51,170.785
490,2022-01-26,174.6525,170.5375,178.51,170.785
489,2022-01-27,174.6525,170.5375,178.51,170.785
488,2022-01-28,174.6525,170.5375,178.51,170.785
487,2022-01-31,174.6525,170.5375,178.51,170.785
486,2022-02-01,174.4825,170.5375,178.51,170.785
485,2022-02-02,174.4825,170.5375,178.51,170.785
484,2022-02-03,174.4825,170.5375,178.51,170.785
483,2022-02-04,174.4825,170.5375,178.51,170.785
482,2022-02-07,174.4825,170.5375,178.51,170.785
481,2022-02-08,174.4825,170.5375,178.51,170.785
480,2022-02-09,174.4825,170.5375,178.51,170.785
479,2022-02-10,174.4825,170.5375,178.51,170.785
478,2022-02-11,174.4825,170.5375,178.51,170.785
477,2022-02-14,174.4825,170.5375,178.51,170.785
476,2022-02-15,174.4825,170.5375,178.51,170.785
475,2022-02-16,174.4825,170.5375,178.51,170.785
474,2022-02-17,174.4825,170.5375,178.51,170.785
473,2022-02-18,174.4825,170.5375,178.51,170.785
472,2022-02-21,174.4825,170.5375,178.51,170.785
471,2022-02-22,174.4825,170.5375,178.51,170.785
470,2022-02-23,174.4825,170.5375,178.51,170.785
469,2022-02-24,174.4825,170.5375,178.51,170.785
468,2022-02-25,174.4825,170.5375,178.51,170.785
467,2022-02-28,174.4825,170.5375,178.51,170.785
466,2022-03-01,174.6525,170.5375,178.51,170.785
465,2022-03-02,174.6525,170.5375,178.51,170.785
464,2022-03-03,174.6525,170.5375,178.51,170.785
463,2022-03-04,174.6525,170.5375,178.51,170.785
462,2022-03-07,174.6525,170.5375,178.51,170.785
461,2022-03-08,174.6525,170.5375,178.51,170.785
460,2022-03-09,174.6525,170.5375,178.51,170.785
459,2022-03-10,174.6525,170.5375,178.51,170.785
458,2022-03-11,174.6525,170.5375,178.51,170.785
457,2022-03-14,174.6525,170.5375,178.51,170.785
456,2022-03-15,174.6525,170.5375,178.51,170.785
455,2022-03-16,174.6525,170.5375,178.51,170.785
454,2022-03-17,174.6525,170.5375,178.51,170.785
453,2022-03-18,174.6525,170.5375,178.51,170.785
452,2022-03-21,174.6525,170.5375,178.51,170.785
451,2022-03-22,174.6525,170.5375,178.51,170.785
450,2022-03-23,174.6525,170.5375,178.51,170.785
449,2022-03-24,174.6525,170.5375,178.51,170.785
448,2022-03-25,174.6525,170.5375,178.51,170.785
447,2022-03-28,174.6525,170.5375,178.51,170.785
446,2022-03-29,174.6525,170.5375,178.51,170.785
445,2022-03-30,174.6525,170.5375,178.51,170.785
444,2022-03-31,174.6525,170.5375,178.51,170.785
443,2022-04-01,182.735,166.43,169.8425,158.2425
442,2022-04-04,182.735,166.43,169.8425,158.2425
441,2022-04-05,182.735,166.43,169.8425,158.2425
440,2022-04-06,182.735,166.43,169.8425,158.2425
439,2022-04-07,182.735,166.43,169.8425,158.2425
438,2022-04-08,182.735,166.43,169.8425,158.2425
437,2022-04-11,182.735,166.43,169.8425,158.2425
436,2022-04-12,182.735,166.43,169.8425,158.2425
435,2022-04-13,182.735,166.43,169.8425,158.2425
434,2022-04-14,182.735,166.43,169.8425,158.2425
433,2022-04-19,182.735,166.43,169.8425,158.2425
432,2022-04-20,182.735,166.43,169.8425,158.2425
431,2022-04-21,182.735,166.43,169.8425,158.2425
430,2022-04-22,182.735,166.43,169.8425,158.2425
429,2022-04-25,182.735,166.43,169.8425,158.2425
428,2022-04-26,182.735,166.43,169.8425,158.2425
427,2022-04-27,182.735,166.43,169.8425,158.2425
426,2022-04-28,182.735,166.43,169.8425,158.2425
425,2022-05-04,183.08,166.43,169.8425,158.2425
424,2022-05-05,183.08,166.43,169.8425,158.2425
423,2022-05-06,183.08,166.43,169.8425,158.2425
422,2022-05-09,183.08,166.43,169.8425,158.2425
421,2022-05-10,183.08,166.43,169.8425,158.2425
420,2022-05-11,183.08,166.43,169.8425,158.2425
419,2022-05-12,183.08,166.43,169.8425,158.2425
418,2022-05-13,183.08,166.43,169.8425,158.2425
417,2022-05-16,183.08,166.43,169.8425,158.2425
416,2022-05-17,183.08,166.43,169.8425,158.2425
415,2022-05-18,183.08,166.43,169.8425,158.2425
414,2022-05-19,183.08,166.43,169.8425,158.2425
413,2022-05-20,183.08,166.43,169.8425,158.2425
412,2022-05-23,183.08,166.43,169.8425,158.2425
411,2022-05-24,183.08,166.43,169.8425,158.2425
410,2022-05-25,183.08,166.43,169.8425,158.2425
409,2022-05-26,183.08,166.43,169.8425,158.2425
408,2022-05-27,183.08,166.43,169.8425,158.2425
407,2022-05-30,183.08,166.43,169.8425,158.2425
406,2022-05-31,183.08,166.43,169.8425,158.2425
405,2022-06-02,183.08,166.43,169.8425,158.2425
404,2022-06-03,183.08,166.43,169.8425,158.2425
403,2022-06-06,183.08,166.43,169.8425,158.2425
402,2022-06-07,183.08,166.43,169.8425,158.2425
401,2022-06-08,183.08,166.43,169.8425,158.2425
400,2022-06-09,183.08,166.43,169.8425,158.2425
399,2022-06-10,183.08,166.43,169.8425,158.2425
398,2022-06-13,183.08,166.43,169.8425,158.2425
397,2022-06-14,183.08,166.43,169.8425,158.2425
396,2022-06-15,183.08,166.43,169.8425,158.2425
395,2022-06-16,183.08,166.43,169.8425,158.2425
394,2022-06-17,183.08,166.43,169.8425,158.2425
393,2022-06-20,183.08,166.43,169.8425,158.2425
392,2022-06-21,183.08,166.43,169.8425,158.2425
391,2022-06-22,183.08,166.43,169.8425,158.2425
390,2022-06-23,183.08,166.43,169.8425,158.2425
389,2022-06-24,183.08,166.43,169.8425,158.2425
388,2022-06-27,183.08,166.43,169.8425,158.2425
387,2022-06-28,183.08,166.43,169.8425,158.2425
386,2022-06-29,183.08,166.43,169.8425,158.2425
385,2022-06-30,183.08,166.43,169.8425,158.2425
384,2022-07-01,183.08,166.43,169.8425,158.2425
383,2022-07-04,183.08,166.43,169.8425,158.2425
382,2022-07-05,183.08,166.43,169.8425,158.2425
381,2022-07-06,183.08,166.43,169.8425,158.2425
380,2022-07-07,183.08,166.43,169.8425,158.2425
379,2022-07-08,183.08,166.43,169.8425,158.2425
378,2022-07-12,183.08,166.43,169.8425,158.2425
377,2022-07-13,183.08,166.43,169.8425,158.2425
376,2022-07-14,183.08,166.43,169.8425,158.2425
375,2022-07-15,183.08,166.43,169.8425,158.2425
374,2022-07-18,183.08,166.43,169.8425,158.2425
373,2022-07-19,183.08,166.43,169.8425,158.2425
372,2022-07-20,183.08,166.43,169.8425,158.2425
371,2022-07-21,183.08,166.43,169.8425,158.2425
370,2022-07-22,183.08,166.43,169.8425,158.2425
369,2022-07-25,183.08,166.43,169.8425,158.2425
368,2022-07-26,183.08,166.43,169.8425,158.2425
367,2022-07-27,183.08,166.43,169.8425,158.2425
366,2022-07-28,183.165,166.43,169.8425,158.2425
365,2022-07-29,183.165,166.43,169.8425,158.2425
364,2022-08-01,183.165,166.43,169.8425,158.2425
363,2022-08-02,183.165,166.43,169.8425,158.2425
362,2022-08-03,183.165,166.43,169.8425,158.2425
361,2022-08-04,183.165,166.43,169.8425,158.2425
360,2022-08-05,183.165,166.43,169.8425,158.2425
359,2022-08-08,183.165,166.43,169.8425,158.2425
358,2022-08-10,183.165,166.43,169.8425,158.2425
357,2022-08-11,183.165,166.43,169.8425,158.2425
356,2022-08-12,183.165,166.43,169.8425,158.2425
355,2022-08-15,183.165,166.43,169.8425,158.2425
354,2022-08-16,183.165,166.43,169.8425,158.2425
353,2022-08-17,183.165,166.43,169.8425,158.2425
352,2022-08-18,183.165,166.43,169.8425,158.2425
351,2022-08-19,183.165,166.43,169.8425,158.2425
350,2022-08-22,183.165,166.43,169.8425,158.2425
349,2022-08-23,183.165,166.43,169.8425,158.2425
348,2022-08-24,183.165,166.43,169.8425,158.2425
347,2022-08-25,183.165,166.43,169.8425,158.2425
346,2022-08-26,183.165,166.43,169.8425,158.2425
345,2022-08-29,183.165,166.43,169.8425,158.2425
344,2022-08-30,183.165,166.43,169.8425,158.2425
343,2022-08-31,183.165,166.43,169.8425,158.2425
342,2022-09-01,183.575,166.43,169.8425,158.2425
341,2022-09-02,183.575,166.43,169.8425,158.2425
340,2022-09-05,183.575,166.43,169.8425,158.2425
339,2022-09-06,183.575,166.43,169.8425,158.2425
338,2022-09-07,183.575,166.43,169.8425,158.2425
337,2022-09-08,183.575,166.43,169.8425,158.2425
336,2022-09-09,183.575,166.43,169.8425,158.2425
335,2022-09-12,183.575,166.43,169.8425,158.2425
334,2022-09-14,183.575,166.43,169.8425,158.2425
333,2022-09-15,183.575,166.43,169.8425,158.2425
332,2022-09-16,183.575,166.43,169.8425,158.2425
331,2022-09-19,183.575,166.43,169.8425,158.2425
330,2022-09-20,183.575,166.43,169.8425,158.2425
329,2022-09-21,183.575,166.43,169.8425,158.2425
328,2022-09-22,183.575,166.43,169.8425,158.2425
327,2022-09-23,183.575,166.43,169.8425,158.2425
326,2022-09-26,183.575,166.43,169.8425,158.2425
325,2022-09-27,183.575,166.43,169.8425,158.2425
324,2022-09-28,183.575,166.43,169.8425,158.2425
323,2022-09-29,183.575,166.43,169.8425,158.2425
322,2022-09-30,183.575,166.43,169.8425,158.2425
321,2022-10-03,183.575,166.43,169.8425,158.2425
320,2022-10-04,183.575,166.43,169.8425,158.2425
319,2022-10-05,183.575,166.43,169.8425,158.2425
318,2022-10-06,183.575,166.43,169.8425,158.2425
317,2022-10-07,183.575,166.43,169.8425,158.2425
316,2022-10-11,183.575,166.43,169.8425,158.2425
315,2022-10-12,183.575,166.43,169.8425,158.2425
314,2022-10-13,183.575,166.43,169.8425,158.2425
313,2022-10-14,183.575,166.43,169.8425,158.2425
312,2022-10-17,183.575,166.43,169.8425,158.2425
311,2022-10-18,183.575,166.43,169.8425,158.2425
310,2022-10-19,183.575,166.43,169.8425,158.2425
309,2022-10-21,183.575,166.43,169.8425,158.2425
308,2022-10-24,183.575,166.43,169.8425,158.2425
307,2022-10-25,183.575,166.43,169.8425,158.2425
306,2022-10-26,183.575,166.43,169.8425,158.2425
305,2022-10-27,183.575,166.43,169.8425,158.2425
304,2022-10-28,183.575,166.43,169.8425,158.2425
303,2022-10-31,183.575,166.43,169.8425,158.2425
302,2022-11-01,184.03,166.43,169.8425,158.2425
301,2022-11-02,184.03,166.43,169.8425,158.2425
300,2022-11-03,184.03,166.43,169.8425,158.2425
299,2022-11-04,184.03,166.43,169.8425,158.2425
298,2022-11-07,184.03,166.43,169.8425,158.2425
297,2022-11-08,184.03,166.43,169.8425,158.2425
296,2022-11-09,184.03,166.43,169.8425,158.2425
295,2022-11-10,184.03,166.43,169.8425,158.2425
294,2022-11-11,184.03,166.43,169.8425,158.2425
293,2022-11-14,184.03,166.43,169.8425,158.2425
292,2022-11-15,184.03,166.43,169.8425,158.2425
291,2022-11-16,184.03,166.43,169.8425,158.2425
290,2022-11-17,184.03,166.43,169.8425,158.2425
289,2022-11-18,184.03,166.43,169.8425,158.2425
288,2022-11-21,184.03,166.43,169.8425,158.2425
287,2022-11-22,184.03,166.43,169.8425,158.2425
286,2022-11-23,184.03,166.43,169.8425,158.2425
285,2022-11-24,184.03,166.43,169.8425,158.2425
284,2022-11-25,184.03,166.43,169.8425,158.2425
283,2022-11-28,184.03,166.43,169.8425,158.2425
282,2022-11-29,184.03,166.43,169.8425,158.2425
281,2022-11-30,184.03,166.43,169.8425,158.2425
280,2022-12-01,184.03,166.43,169.8425,158.2425
279,2022-12-02,184.03,166.43,169.8425,158.2425
278,2022-12-05,184.03,166.43,169.8425,158.2425
277,2022-12-06,184.03,166.43,169.8425,158.2425
276,2022-12-07,184.03,166.43,169.8425,158.2425
275,2022-12-08,184.03,166.43,169.8425,158.2425
274,2022-12-09,184.03,166.43,169.8425,158.2425
273,2022-12-13,184.03,166.43,169.8425,158.2425
272,2022-12-14,184.03,166.43,169.8425,158.2425
271,2022-12-15,184.03,166.43,169.8425,158.2425
270,2022-12-16,184.03,166.43,169.8425,158.2425
269,2022-12-19,184.03,166.43,169.8425,158.2425
268,2022-12-20,184.03,166.43,169.8425,158.2425
267,2022-12-21,184.03,166.43,169.8425,158.2425
266,2022-12-22,184.03,166.43,169.8425,158.2425
265,2022-12-23,184.03,166.43,169.8425,158.2425
264,2022-12-28,184.03,166.43,169.8425,158.2425
263,2022-12-29,184.03,166.43,169.8425,158.2425
262,2022-12-30,184.03,166.43,169.8425,158.2425
261,2023-01-03,183.515,166.43,169.8425,158.2425
260,2023-01-04,183.515,166.43,169.8425,158.2425
259,2023-01-05,183.515,166.43,169.8425,158.2425
258,2023-01-06,183.515,166.43,169.8425,158.2425
257,2023-01-09,183.515,166.43,169.8425,158.2425
256,2023-01-10,183.515,166.43,169.8425,158.2425
255,2023-01-11,183.515,166.43,169.8425,158.2425
254,2023-01-12,183.515,166.43,169.8425,158.2425
253,2023-01-13,183.515,166.43,169.8425,158.2425
252,2023-01-16,183.515,166.43,169.8425,158.2425
251,2023-01-17,183.515,166.43,169.8425,158.2425
250,2023-01-18,183.515,166.43,169.8425,158.2425
249,2023-01-19,183.515,166.43,169.8425,158.2425
248,2023-01-20,183.515,166.43,169.8425,158.2425
247,2023-01-23,183.515,166.43,169.8425,158.2425
246,2023-01-24,183.515,166.43,169.8425,158.2425
245,2023-01-25,183.515,166.43,169.8425,158.2425
244,2023-01-26,183.515,166.43,169.8425,158.2425
243,2023-01-27,183.37,166.43,169.8425,158.2425
242,2023-01-30,183.37,166.43,169.8425,158.2425
241,2023-01-31,183.37,166.43,169.8425,158.2425
240,2023-02-01,183.37,166.43,169.8425,158.2425
239,2023-02-02,183.37,166.43,169.8425,158.2425
238,2023-02-03,183.37,166.43,169.8425,158.2425
237,2023-02-06,183.37,166.43,169.8425,158.2425
236,2023-02-07,183.37,166.43,169.8425,158.2425
235,2023-02-08,183.37,166.43,169.8425,158.2425
234,2023-02-09,183.37,166.43,169.8425,158.2425
233,2023-02-10,183.37,166.43,169.8425,158.2425
232,2023-02-13,183.37,166.43,169.8425,158.2425
231,2023-02-14,183.37,166.43,169.8425,158.2425
230,2023-02-15,183.37,166.43,169.8425,158.2425
229,2023-02-16,183.37,166.43,169.8425,158.2425
228,2023-02-17,183.37,166.43,169.8425,158.2425
227,2023-02-20,183.37,166.43,169.8425,158.2425
226,2023-02-21,183.37,166.43,169.8425,158.2425
225,2023-02-22,183.37,166.43,169.8425,158.2425
224,2023-02-23,183.37,166.43,169.8425,158.2425
223,2023-02-24,183.37,166.43,169.8425,158.2425
222,2023-02-27,183.37,166.43,169.8425,158.2425
221,2023-02-28,183.37,166.43,169.8425,158.2425
220,2023-03-01,234.81,242.87,254.62,241.78
219,2023-03-02,234.81,242.87,254.62,241.78
218,2023-03-06,234.81,242.87,254.62,241.78
217,2023-03-07,234.81,242.87,254.62,241.78
216,2023-03-08,234.81,242.87,254.62,241.78
215,2023-03-09,234.81,242.87,254.62,241.78
214,2023-03-10,234.81,242.87,254.62,241.78
213,2023-03-13,234.81,242.87,254.62,241.78
212,2023-03-14,234.81,242.87,254.62,241.78
211,2023-03-15,234.81,242.87,254.62,241.78
210,2023-03-16,234.81,242.87,254.62,241.78
209,2023-03-17,234.81,242.87,254.62,241.78
208,2023-03-20,234.81,242.87,254.62,241.78
207,2023-03-21,234.81,242.87,254.62,241.78
206,2023-03-22,234.81,242.87,254.62,241.78
205,2023-03-23,234.81,242.87,254.62,241.78
204,2023-03-24,234.81,242.87,254.62,241.78
203,2023-03-27,234.81,242.87,254.62,241.78
202,2023-03-28,234.81,242.87,254.62,241.78
201,2023-03-29,234.81,242.87,254.62,241.78
200,2023-03-30,234.81,242.87,254.62,241.78
199,2023-03-31,234.81,242.87,254.62,241.78
198,2023-04-03,234.89,255.27,257.05,250.82
197,2023-04-04,234.89,255.27,257.05,250.82
196,2023-04-05,234.89,255.27,257.05,250.82
195,2023-04-06,234.89,255.27,257.05,250.82
194,2023-04-11,234.89,255.27,257.05,250.82
193,2023-04-12,234.89,255.27,257.05,250.82
192,2023-04-13,234.89,255.27,257.05,250.82
191,2023-04-14,234.89,255.27,257.05,250.82
190,2023-04-17,234.89,255.27,257.05,250.82
189,2023-04-18,234.89,255.27,257.05,250.82
188,2023-04-19,234.89,255.27,257.05,250.82
187,2023-04-20,234.89,255.27,257.05,250.82
186,2023-04-24,234.89,255.27,257.05,250.82
185,2023-04-25,234.89,255.27,257.05,250.82
184,2023-04-26,234.89,255.27,257.05,250.82
183,2023-04-27,234.89,255.27,257.05,250.82
182,2023-04-28,234.89,255.27,257.05,250.82
181,2023-05-02,234.89,255.27,257.05,250.82
180,2023-05-03,234.89,255.27,257.05,250.82
179,2023-05-04,234.89,255.27,257.05,250.82
178,2023-05-05,234.89,255.27,257.05,250.82
177,2023-05-08,234.89,255.27,257.05,250.82
176,2023-05-09,234.89,255.27,257.05,250.82
175,2023-05-10,234.89,255.27,257.05,250.82
174,2023-05-11,234.89,255.27,257.05,250.82
173,2023-05-12,234.89,255.27,257.05,250.82
172,2023-05-15,234.89,255.27,257.05,250.82
171,2023-05-16,234.89,255.27,257.05,250.82
170,2023-05-17,234.89,255.27,257.05,250.82
169,2023-05-18,234.89,255.27,257.05,250.82
168,2023-05-19,234.89,255.27,257.05,250.82
167,2023-05-22,234.89,255.27,257.05,250.82
166,2023-05-23,234.89,255.27,257.05,250.82
165,2023-05-24,234.89,255.27,257.05,250.82
164,2023-05-25,234.89,255.27,257.05,250.82
163,2023-05-26,234.89,255.27,257.05,250.82
162,2023-05-29,234.89,255.27,257.05,250.82
161,2023-05-30,234.89,255.27,257.05,250.82
160,2023-05-31,234.89,255.27,257.05,250.82
159,2023-06-02,240.79,256.81,257.67,252.71
158,2023-06-05,240.79,256.81,257.67,252.71
157,2023-06-06,240.79,256.81,257.67,252.71
156,2023-06-07,240.79,256.81,257.67,252.71
155,2023-06-08,240.79,256.81,257.67,252.71
154,2023-06-09,240.79,256.81,257.67,252.71
153,2023-06-12,240.79,256.81,257.67,252.71
152,2023-06-13,240.79,256.81,257.67,252.71
151,2023-06-14,240.79,256.81,257.67,252.71
150,2023-06-15,240.79,256.81,257.67,252.71
149,2023-06-16,240.79,256.81,257.67,252.71
148,2023-06-19,240.79,256.81,257.67,252.71
147,2023-06-20,240.79,256.81,257.67,252.71
146,2023-06-21,240.79,256.81,257.67,252.71
145,2023-06-22,240.79,256.81,257.67,252.71
144,2023-06-23,240.79,256.81,257.67,252.71
143,2023-06-26,240.79,256.81,257.67,252.71
142,2023-06-27,240.79,256.81,257.67,252.71
141,2023-06-29,240.79,256.81,257.67,252.71
140,2023-06-30,240.79,256.81,257.67,252.71
139,2023-07-03,240.09,245.33,246.9,244.01
138,2023-07-04,240.09,245.33,246.9,244.01
137,2023-07-05,240.09,245.33,246.9,244.01
136,2023-07-06,240.09,245.33,246.9,244.01
135,2023-07-07,240.09,245.33,246.9,244.01
134,2023-07-10,240.09,245.33,246.9,244.01
133,2023-07-11,240.09,245.33,246.9,244.01
132,2023-07-12,240.09,245.33,246.9,244.01
131,2023-07-13,240.09,245.33,246.9,244.01
130,2023-07-14,240.09,245.33,246.9,244.01
129,2023-07-17,240.09,245.33,246.9,244.01
128,2023-07-18,240.09,245.33,246.9,244.01
127,2023-07-19,240.09,245.33,246.9,244.01
126,2023-07-20,240.09,245.33,246.9,244.01
125,2023-07-21,240.09,245.33,246.9,244.01
124,2023-07-24,240.09,245.33,246.9,244.01
123,2023-07-25,240.09,245.33,246.9,244.01
122,2023-07-26,240.09,245.33,246.9,244.01
121,2023-07-27,240.09,245.33,246.9,244.01
120,2023-07-28,240.09,245.33,246.9,244.01
119,2023-07-28,240.09,245.33,246.9,244.01
118,2023-07-31,240.09,245.33,246.9,244.01
117,2023-08-01,238.09,227.24,225.37,224.86
116,2023-08-02,238.09,227.24,225.37,224.86
115,2023-08-03,238.09,227.24,225.37,224.86
114,2023-08-04,238.09,227.24,225.37,224.86
113,2023-08-07,238.09,227.24,225.37,224.86
112,2023-08-08,238.09,227.24,225.37,224.86
111,2023-08-09,238.09,227.24,225.37,224.86
110,2023-08-10,238.09,227.24,225.37,224.86
109,2023-08-11,238.09,227.24,225.37,224.86
108,2023-08-14,238.09,227.24,225.37,224.86
107,2023-08-15,238.09,227.24,225.37,224.86
106,2023-08-16,238.09,227.24,225.37,224.86
105,2023-08-17,238.09,227.24,225.37,224.86
104,2023-08-18,238.09,227.24,225.37,224.86
103,2023-08-21,238.09,227.24,225.37,224.86
102,2023-08-22,238.09,227.24,225.37,224.86
101,2023-08-23,238.09,227.24,225.37,224.86
100,2023-08-24,238.09,227.24,225.37,224.86
99,2023-08-25,238.09,227.24,225.37,224.86
98,2023-08-28,238.09,227.24,225.37,224.86
97,2023-08-29,238.09,227.24,225.37,224.86
96,2023-08-30,238.09,227.24,225.37,224.86
95,2023-08-31,238.09,227.24,225.37,224.86
94,2023-09-01,238.09,227.24,225.37,224.86
93,2023-09-04,238.09,227.24,225.37,224.86
92,2023-09-05,238.09,227.24,225.37,224.86
91,2023-09-06,238.09,227.24,225.37,224.86
90,2023-09-07,238.09,227.24,225.37,224.86
89,2023-09-08,238.09,227.24,225.37,224.86
88,2023-09-11,238.09,227.24,225.37,224.86
87,2023-09-12,238.09,227.24,225.37,224.86
86,2023-09-13,238.09,227.24,225.37,224.86
85,2023-09-14,238.09,227.24,225.37,224.86
84,2023-09-15,238.09,227.24,225.37,224.86
83,2023-09-18,238.09,227.24,225.37,224.86
82,2023-09-19,238.09,227.24,225.37,224.86
81,2023-09-20,238.09,227.24,225.37,224.86
80,2023-09-21,238.09,227.24,225.37,224.86
79,2023-09-22,238.09,227.24,225.37,224.86
78,2023-09-25,238.09,227.24,225.37,224.86
77,2023-09-26,238.09,227.24,225.37,224.86
76,2023-09-27,238.09,227.24,225.37,224.86
75,2023-09-28,238.09,227.24,225.37,224.86
74,2023-09-29,238.09,227.24,225.37,224.86
73,2023-10-02,238.09,227.24,225.37,224.86
72,2023-10-03,238.09,227.24,225.37,224.86
71,2023-10-04,238.09,227.24,225.37,224.86
70,2023-10-05,238.09,227.24,225.37,224.86
69,2023-10-06,238.09,227.24,225.37,224.86
68,2023-10-09,238.09,227.24,225.37,224.86
67,2023-10-11,238.09,227.24,225.37,224.86
66,2023-10-12,238.09,227.24,225.37,224.86
65,2023-10-13,238.09,227.24,225.37,224.86
64,2023-10-16,238.09,227.24,225.37,224.86
63,2023-10-17,238.09,227.24,225.37,224.86
62,2023-10-18,238.09,227.24,225.37,224.86
61,2023-10-19,238.09,227.24,225.37,224.86
60,2023-10-23,238.09,227.24,225.37,224.86
59,2023-10-24,238.09,227.24,225.37,224.86
58,2023-10-25,238.09,227.24,225.37,224.86
57,2023-10-26,238.09,227.24,225.37,224.86
56,2023-10-27,238.09,227.24,225.37,224.86
55,2023-10-30,238.09,227.24,225.37,224.86
54,2023-10-31,238.09,227.24,225.37,224.86
53,2023-11-01,238.09,227.24,225.37,224.86
52,2023-11-02,238.09,227.24,225.37,224.86
51,2023-11-03,238.09,227.24,225.37,224.86
50,2023-11-06,238.09,227.24,225.37,224.86
49,2023-11-07,238.09,227.24,225.37,224.86
48,2023-11-08,238.09,227.24,225.37,224.86
47,2023-11-09,238.09,227.24,225.37,224.86
46,2023-11-10,238.09,227.24,225.37,224.86
45,2023-11-14,238.09,227.24,225.37,224.86
44,2023-11-15,238.09,227.24,225.37,224.86
43,2023-11-16,238.09,227.24,225.37,224.86
42,2023-11-17,238.09,227.24,225.37,224.86
41,2023-11-20,238.09,227.24,225.37,224.86
40,2023-11-21,238.09,227.24,225.37,224.86
39,2023-11-22,238.09,227.24,225.37,224.86
38,2023-12-01,238.09,227.24,225.37,224.86
37,2023-12-04,238.09,227.24,225.37,224.86
36,2023-12-05,238.09,227.24,225.37,224.86
35,2023-12-06,238.09,227.24,225.37,224.86
34,2023-12-07,238.09,227.24,225.37,224.86
33,2023-12-08,238.09,227.24,225.37,224.86
32,2023-12-11,238.09,227.24,225.37,224.86
31,2023-12-13,238.09,227.24,225.37,224.86
30,2023-12-14,238.09,227.24,225.37,224.86
29,2023-12-15,238.09,227.24,225.37,224.86
28,2023-12-18,238.09,227.24,225.37,224.86
27,2023-12-19,238.09,227.24,225.37,224.86
26,2023-12-20,238.09,227.24,225.37,224.86
25,2023-12-21,238.09,227.24,225.37,224.86
24,2023-12-22,238.09,227.24,225.37,224.86
23,2023-12-27,238.09,227.24,225.37,224.86
22,2023-12-28,238.09,227.24,225.37,224.86
21,2023-12-29,238.09,227.24,225.37,224.86
20,2024-01-03,238.09,227.24,225.37,224.86
19,2024-01-04,238.09,227.24,225.37,224.86
18,2024-01-05,238.09,227.24,225.37,224.86
17,2024-01-08,238.09,227.24,225.37,224.86
16,2024-01-09,238.09,227.24,225.37,224.86
15,2024-01-10,238.09,227.24,225.37,224.86
14,2024-01-11,238.09,227.24,225.37,224.86
13,2024-01-12,238.09,227.24,225.37,224.86
12,2024-01-15,238.09,227.24,225.37,224.86
11,2024-01-16,238.09,227.24,225.37,224.86
10,2024-01-17,238.09,227.24,225.37,224.86
9,2024-01-18,238.09,227.24,225.37,224.86
8,2024-01-19,238.09,227.24,225.37,224.86
7,2024-01-22,238.09,227.24,225.37,224.86
6,2024-01-23,238.09,227.24,225.37,224.86
5,2024-01-24,238.09,227.24,225.37,224.86
4,2024-01-25,238.09,227.24,225.37,224.86
3,2024-01-26,238.09,227.24,225.37,224.86
2,2024-01-29,238.09,227.24,225.37,224.86
1,2024-01-30,238.09,227.24,225.37,224.86
0,2024-01-31,238.09,227.24,225.37,224.86
